UserName,Handle,Timestamp,Text,Comments,Likes,Retweets
benwokes014,@benwokes014,2023-05-17T09:06:23.000Z,"https://youtu.be/tmSasSVCVdI How To Print, Scan, Copy With HP Deskjet 4100 Printer using HP Smart App !! #Computer #Printer #Drivers #Software",,,1
benwokes014,@benwokes014,2023-05-17T09:04:43.000Z,https://youtube.com/shorts/cxSxpVSXLaI‚Ä¶ HP Printer Connect to Wi-Fi - 123 HP Deskjet 2700e Install #Computer #Printer #Drivers #Software,,,1
benwokes014,@benwokes014,2023-05-17T09:03:11.000Z,"https://youtu.be/PMvIgso2c6I HP DeskJet 4100, 4100e USB WiFi SetUp Windows 10 !!  | http://123.hp.com Printer Setup #Computer #Printer #Drivers #Software",,,1
L√°szl√≥ Babus,@MatrixfanLive,2023-05-17T08:59:27.000Z,HP disables printers if you use third-party ink cartridges. Big f*ck you to HP! Won‚Äôt buy anything from them ever. Color runs dry very quickly despite printing 90% b&w text with small company logos in the footer. What about your data collection you f*cks?!,,,
Nadia.HilllEiv,@hillleiv,2023-05-17T08:39:37.000Z,"Icehtank Printer Ink Cartridge 364XL 364 XL Replace For HP Photosmart 5510 5515 6510 B010a B109a B209a Deskjet 3070A For HP364 JKKLXP2

https://s.click.aliexpress.com/e/_Def9tel?UxE1bY‚Ä¶",,,
Guru3D.com News,@guru_3d,2023-05-17T08:36:36.000Z,HP disables printers if you use third-party ink cartridges,,,
benwokes014,@benwokes014,2023-05-17T08:33:25.000Z,https://youtu.be/2nC4un0yPME HP LaserJet M109-M112e Printer Wireless not Working | HP 123 Setup #Computer #Printer #Drivers #Software,,,1
Sword Man.,@Reaping1821,2023-05-17T07:55:06.000Z,I got cheap and replaced my old quality Canon printer/scanner with this cheap piece of s*HP*. Old photos scan isn't going how I'd like.,,,2
Sydni65MWt,@sydni65,2023-05-17T07:47:34.000Z,"4 Slot Print Head 862 For HP862 Printhead for HP photosmart B110A B109A B210A B310A B209a B110c B110d B210b B210c Printer E5MRUSQ

https://s.click.aliexpress.com/e/_Dk3Ue8z?MYnDo8E5‚Ä¶",,,
Topjet Toner & Ink,@TopjetTech,2023-05-17T07:37:32.000Z,"Topjet GT53/GT52 Refill Ink Bottle 
for HP Ink Tank Printers
worry-free printing makes your work more efficientÔºÅ
 
Click the website for more product information  
https://lnkd.in/gCtsgMBF

#Topjet #printing #printer #print #toner #cartridges #inkjet #ink #HP #refillink #color",,,
Cl√°udia Mendon√ßa,@claussmendonca,2023-05-17T07:36:45.000Z,"HP Envy 6000 All-in-one Printer Unboxing and Wireless Setup Mac/iOS https://youtu.be/HEPduGDsTOc via 
@YouTube",,,
Ahsan jutt,@juttahsan4510,2023-05-17T07:36:25.000Z,"HP 136A Black LaserJet Toner Cartridge
Free shipping all over in Qatar
Call/WhatsApp: +974 5537 9001
+974-3366-8482
http://smtqatar.com
#HP #qatar #inkjet #inkcartridges #tonercartridges #printers #shoponline",,,
HP Support,@HPSupport,2023-05-17T07:36:13.000Z,"Replying to 
@roberte46763910",1,,
Nobody,@Nobody_Broke,2023-05-17T07:36:08.000Z,"Replying to 
@WeisiNotes",,,
Shogo_pirate,@Chocodesparrow,2023-05-17T07:29:38.000Z,"Replying to 
@AJettoJetto
 and 
@FellatrixArt",,,
NexZen Market,@NexZenMarket,2023-05-17T07:22:52.000Z,"Limited-time deal: HP Smart Tank 581 All-in-one WiFi Colour Printer with 2 Extra Black Ink Bottles(Upto 18000 Black and 6000 Colour Prints).

https://amzn.to/455IHDu

#printer #ChampionsLeague #Cannes2023 #FNAFMovie #COLDPLAYinKL #OylarYenidenSayilsin #InterMilan",,1,2
Oran65MMKPn,@mmk_pn,2023-05-17T06:52:56.000Z,"Plavetink 932 933 XL Cartridge For HP 932 933 XL Printer cartridges Work for Officejet 6100 6600 6700 7110 7610 7612 Printer X0QKTUR

https://s.click.aliexpress.com/e/_DlStpbJ?Sg5Uan‚Ä¶",,,
Promo GoFood Cek Pinned,@undipmenfess,2023-05-17T06:30:02.000Z,-dips! Re-up Preloved printer hp 2135 masih normal tinggal ganti catrid. Cuma printer sama kabel. Start 150k. Gambarnya kurang lebih gini,3,,1
Johnny68LIqfz,@JIqfz,2023-05-17T06:18:42.000Z,"befon X2 Black 901 XL Printer Cartridge Replacement for HP 901 HP901 Ink Cartridge Officejet 4500 J4500 J4540 J4550 J4580 J4640 TF71ACF

https://s.click.aliexpress.com/e/_DFg27Cv?JTGitusyZ‚Ä¶",,,
Lorna.Wintheiser12vlQ,@wintheiser12vlq,2023-05-17T06:06:53.000Z,"Mambaink Ink Cartridge Replacement For HP 302 HP302 XL For Envy 4520 4521 4522 4523 4524 4526 4526 4527 4528 3830 3831 Printer NHGIV2P

https://s.click.aliexpress.com/e/_DnlOfEH?mYSTRXFN‚Ä¶",,,
Imagingmag,@imagingmag,2023-05-17T05:53:33.000Z,"#kilider Releases New Patented #tonercartridges 

ùêäùêßùê®ùê∞ ùêåùê®ùê´ùêû
https://imagingsolution.in/kilider-releases-new-patented-toner-cartridges/‚Ä¶ 

#kilider #samsungprinters 
#HPPrinters 
@imagingmag
  #imagingsolution
 
@SwapanR56454932",,,
ca‚ô°,@Cntka31,2023-05-17T05:41:47.000Z,"Replying to 
@discountfess",1,,
Shopping Alert,@ShoppingAlertUK,2023-05-17T05:40:13.000Z,HP Colour LaserJet Pro MFP M479fnw Multifunction Wireless Printer with Fax #Amazon,,,
Sean.OReilly76DOU,@oreilly76dou,2023-05-17T02:25:33.000Z,"APAPLIK Refilled Ink Cartridge Replacement for HP 140 141 for HP C4583 C4283 C4483 C5283 D5363 Deskjet D4263 D4363 C4480 Printer NQGK2TA

https://s.click.aliexpress.com/e/_DldvJJB?iGekAM‚Ä¶",,,
newstimes18.com,@Newstimes18g,2023-05-17T02:00:12.000Z,HP disables customers‚Äô printers if they use ink cartridges...,,,
HP Support,@HPSupport,2023-05-17T01:45:16.000Z,"Replying to 
@hhicks95112410",,,
Mozell_Donnelly32,@MozellDonnelly2,2023-05-17T01:25:01.000Z,"USB High Speed 2.0 A To B Male Cable for Canon Brother Samsung Hp Epson Printer Cord 0.3m 0.5m 1.5m C7TI6VC

https://s.click.aliexpress.com/e/_DFjgqrb?43Oy4vK1FZ‚Ä¶",,,
Íú± ú·¥Ä…¥…™ ‚òÅÔ∏é,@rllyvibin,2023-05-17T01:10:59.000Z,"Replying to 
@discountfess",,,
HP Support,@HPSupport,2023-05-17T01:08:58.000Z,"Replying to 
@TeaRose1536
 and 
@HP",,,
Alayna Rochester-Flint,@TeaRose1536,2023-05-17T00:54:01.000Z,"@HP
, I paid for the printer, the paper, and the ink that is in the printer. 

And you think it's okay to block my printer from printing because of a missed Instant Ink payment? I'VE ALREADY PAID FOR THE INK IN MY PRINTER.",2,,1
Corine29TiDrA,@ACorine29,2023-05-17T00:52:46.000Z,"BOMA-TEAM HP932 HP933 932 933 ARC Auto Reset Permanent Chips For HP Officejet 6100 6600 6700 7110 7610 7612 7510 7512 Printers C4YXZCK

https://s.click.aliexpress.com/e/_DEknrdT?QEfaa8eW4d‚Ä¶",,,
Chris is my name read my bio before messaging me,@ParkerDoandcp,2023-05-16T23:35:07.000Z,564 XL generic hp printer ink cartridges,,,
Dave Taylor,@DaveTaylor,2023-05-16T23:03:00.000Z,Linux systems don't always see printers on the LAN network. Here's how to add a network printer by identifying its IP address and entering it as part of the setup process: https://askdavetaylor.com/guide-to-adding-a-network-printer-to-a-linux-system/‚Ä¶ #linux #unix #ubuntu #hp #printers #printing,,,
Talia88UjF,@FTalia88,2023-05-16T20:55:52.000Z,"4 pcs 69ml with full ink compatible cartridge for HP 10 82 For HP Designjet 500 500PS 800 800PS 815mfp 820mfp 510 series printer AR8NPEM

https://s.click.aliexpress.com/e/_DmshzyZ?8kJZKu‚Ä¶",,,
Technical-SAM,@DreamWorldsm,2023-05-16T20:55:23.000Z,HP printers still block third-party ink. These ones have a workaround HunterSam,,,
Remington16DqqRa,@dqq_ra,2023-05-16T20:53:17.000Z,"650XL Ink Cartridge Replacement for hp650 for hp 650 XL hp650xl Deskjet 1015 1515 2515 2545 2645 3515 4645 Printer 39BJRRH

https://s.click.aliexpress.com/e/_DEI1wMH?Z47XrJAh‚Ä¶",,,
DMM,@_freebitxh,2023-05-16T20:52:52.000Z,fam I really cannot believe I bought a printer that prints on card stock but can‚Äôt print double sided. HP are you serious !!!!,1,,
Camron59cWAQi,@camron59c,2023-05-16T20:33:27.000Z,"80ml/130ml 6 Color With Auto Reset Chip for HP 84 85 ink Cartridge For HP Designjet 30 90 130 Printer XHEETAO

https://s.click.aliexpress.com/e/_DEauN3n?SXseb3pm‚Ä¶",,,
Tech Of Minions,@techofminions,2023-05-16T20:26:34.000Z,HP printers still block third-party ink. These models have a workaround,,,
Tara,@Lipstar,2023-05-16T20:17:49.000Z,"Wish I‚Äôd never bought a 
@HP
 printer! Absolute rip off signing up for their ink subscription and so not user friendly! Would not recommend their printers at all!!!! Avoid!!!",1,,
HPSI,@cloudHPSI,2023-05-16T20:05:21.000Z,"Get ready for the next generation of refillable Smart Tank #printers! Download this video highlighting the 
@HP
 Smart Tank 7600, the eco-friendly all-in-one machine with super low cost per page.",,,
Sydni65MWt,@sydni65,2023-05-16T20:01:30.000Z,"BLOOM refill FOR HP 940 940XL refillable Ink Cartridge for HP Officejet Pro 8000 8500 8500a A809a A909 A910a Printer THSNNLR

https://s.click.aliexpress.com/e/_DFJR7BB?rAaGpIMPF9‚Ä¶",,,
Soluciones y Servicios Inkrez C.A.,@_inkrez,2023-05-16T18:01:30.000Z,"¬øNecesitas #consumibles para tu equipo?

Conversa con nosotros, seguramente tenemos una soluci√≥n para ti.

#HP #Canon #Epson #Samsung #printer #impresora",,1,2
Cale35FRiwS,@Cale35F,2023-05-16T17:42:22.000Z,"Compatible with new chip for hp117a Toner Cartridge for HP 117a w2070a For HP MFP179fnw 178nw 150a 150nw color Laser printer KDKGUXP

https://s.click.aliexpress.com/e/_DkKtAUH?gsDx6pL9wp‚Ä¶",,,
Darryl.Crooks92oRhA,@crooks92orha,2023-05-16T17:10:42.000Z,"Plavetink 711 XL Cartridge For HP 711 XL Printer Work for Designjet T120 24 T120 610 T520 24 T520 36 T520 610 T520 914 Printer PYD8TQJ

https://s.click.aliexpress.com/e/_Dkw0kPF?1tTmtoC‚Ä¶",,,
TonerNews,@tonernews,2023-05-16T16:43:21.000Z,"Beware! HP Firmware Updates are Bricking OfficeJet 9020e Printers with Blue Screen 83C0000B Errors.
https://tonernews.com/forums/topic/beware-hp-firmware-updates-are-bricking-officejet-9020e-printers-with-blue-screen-83c0000b-errors/‚Ä¶
http://secure.campaigner.com/csb/Public/show/9fx3-2on0hw--13j5j8-uyc7og3‚Ä¶
#toner #tonercartridges #tonercartridge #InkCartridges #Printing #Ink #Hp #Canon #Ricoh #Konica #Xerox #Lexmark #Closedloop‚Ä¶",,,
TonerNews,@tonernews,2023-05-16T16:43:05.000Z,"Epson Warns Users of Upcoming Printer Firmware Updates for New SC-P9000-P8000-P7000-P6000 Ink Cartridges.
https://tonernews.com/forums/topic/epson-warns-users-of-upcoming-printer-firmware-updates-for-new-sc-p9000-p8000-p7000-p6000-ink-cartridges/‚Ä¶
http://secure.campaigner.com/csb/Public/show/9fx3-2on0hw--13j5j8-uyc7og3‚Ä¶
#toner #tonercartridges #tonercartridge #InkCartridges #Printing #Ink #Hp #Canon #Ricoh #Konica #Xerox #Lexmark #Closedloop‚Ä¶",,,
TonerNews,@tonernews,2023-05-16T16:40:50.000Z,"FBI: Ransomware Gang Using Printer Vulnerability in PaperCut MPS to Attack Schools Across the U.S.. (Bl00dy)
https://tonernews.com/forums/topic/ransomware-gang-using-printer-vulnerability-in-papercut-mps-to-attack-schools-across-the-u-s-bl00dy/‚Ä¶
http://secure.campaigner.com/csb/Public/show/9fx3-2on0hw--13j5j8-uyc7og3‚Ä¶
#toner #tonercartridges #tonercartridge #InkCartridges #Printing #Ink #Hp #Canon #Ricoh #Konica #Xerox #Lexmark #Closedloop‚Ä¶",,,
thesharpestsphere,@thesharpestsph1,2023-05-16T16:34:18.000Z,"Replying to 
@HPSupport",,,
U.S. Ministry of Truth,@USMiniTru,2023-05-16T16:31:19.000Z,"Replying to 
@RepThomasMassie",21,3,165
Arizona Patriot,@TJTackleberry,2023-05-16T16:22:45.000Z,"Replying to 
@kimkomando",,,
Shylo,@shy_ferg,2023-05-16T16:12:34.000Z,"Replying to 
@BretMGreen1
 and 
@Timcast",,,3
Silver Chicken,@SilverChicken3,2023-05-16T16:07:00.000Z,Your printer could be blocked if you use cheap ink as HP causes uproar with new rules,,,
Marco Blaze,@BlazeMarcoweb,2023-05-16T14:38:09.000Z,The 5 Best All-In-One Printers 2023 [HP],,,
Marco Blaze,@BlazeMarcoweb,2023-05-16T14:36:21.000Z,The 5 Best All-In-One Printers 2023 [HP] by roberthudd205,,,
Marco Blaze,@BlazeMarcoweb,2023-05-16T14:34:39.000Z,I just published The 5 Best All-In-One Printers 2023 [HP],,,
Marco Blaze,@BlazeMarcoweb,2023-05-16T14:33:09.000Z,Web infotech help: The 5 Best All-In-One Printers 2023 [HP] https://webinfotechhelp.blogspot.com/2023/05/the-5-best-all-in-one-printers-2023-hp.html?spref=tw‚Ä¶,,,
Marco Blaze,@BlazeMarcoweb,2023-05-16T14:32:45.000Z,The 5 Best All-In-One Printers 2023 [HP] - Web Manual Page https://webmanualpage.weebly.com/1/post/2023/05/the-5-best-all-in-one-printers-2023-hp.html‚Ä¶,,,
Marco Blaze,@BlazeMarcoweb,2023-05-16T14:30:48.000Z,"Check out my latest article: The 5 Best All-In-One Printers 2023 [HP] https://linkedin.com/pulse/5-best-all-in-one-printers-2023-hp-jenifer-vasquez‚Ä¶ via 
@LinkedIn",,,
Dawood Tariq,@DawoodTariq1,2023-05-16T14:12:04.000Z,"HP DeskJet Plus 4122 All-in-One Printer, All in One Photo Printer with Wireless Printing, Instant Ink Ready, Compatible with Alexa, 7FS77A (Renewed) https://amzn.to/41Bydsp via 
@amazon",,,
Richard-Dennis3210,@PvtDennis,2023-05-16T14:11:23.000Z,2/2  After some very looong days of research I found a way to get the printer working again with alternative software for basic tasks. But again! When the printer finally gives up its service. Never again HP!!,,,1
Richard-Dennis3210,@PvtDennis,2023-05-16T14:10:34.000Z,1/2  I was also very upset about HP. They just made it impossible for me to use my HP All-in-One printer one day. Do they think the printer is too old?,1,,
genesisONE,@mygenesisONE,2023-05-16T14:05:45.000Z,Here‚Äôs one less thing to worry about ‚Äì trust that your printer fleet is running smoothly with HP Smart Device Services. Learn More: https://mygenesis1.com/blogs/hp-laserjet-managed-mfp-e800-e700-series‚Ä¶ #HP #ManagedPrintServices #smartdeviceservices,,1,1
psalm,@psalmianca,2023-05-16T13:49:53.000Z,Imma call dick prints ‚Äúhp printers‚Äù now,,,
Enoch.Schneider70MyCc,@schneider70mycc,2023-05-16T13:32:23.000Z,"QSYRAINBOW 1 BLACK Ink Cartridge compatible for HP 301 301XL INK DeskJet 1050 2050 3050 2150  1510 2540 printer full ink POHVYOS

https://s.click.aliexpress.com/e/_DmUbnE5?1ZDqODsIUA‚Ä¶",,,
Angilina Ken,@AngilinaKe22466,2023-05-16T12:08:27.000Z,"HP wifi printer printing too ligt
Title- How can I troubleshoot my HP printer for print quality?",,,
TeamLogicIT of CNJ,@TeamLogicITNB,2023-05-16T12:05:41.000Z,"A smarter, more connected machine could be the star of your #printer fleet. Watch this video about the capabilities of the 
@HP
 Smart Tank 7000 series, the fast, high-quality, cost-efficient office machine.",,,
Muzungu Sisters,@MuzunguSisters,2023-05-16T12:05:39.000Z,"@hp
 we have an unfixable paper jam and our warranty is 11 days expired. You are telling us there are no solutions but to purchase a new printer? #hp",1,,1
Prosenjit Datta,@ProsaicView,2023-05-16T12:03:04.000Z,"Replying to 
@annausha
 and 
@ranjona",2,,1
Rashad J Nelson,@rashad_nelson,2023-05-16T12:01:00.000Z,"HP printers are trash.

Recently purchased an EPSON printer and scanner.

Never looked back.",,,
Retha44XkYKl,@Retha44K,2023-05-16T11:53:38.000Z,"GIAUSA 6 Box (60 Sheets) for HP Sprocket Photo Paper 2x3 Mini Photographic Paper Pocket Photo Printer HP Zink Paste Photo Paper F0F1YQC

https://s.click.aliexpress.com/e/_DlKLh4t?AgtAvJ45‚Ä¶",,,
Kendal Freegle,@KendalFreegle,2023-05-16T11:49:09.000Z,OFFER: HP b/w A3 photocopier/printer/scanner - old but still works (Kendal LA9) https://ilovefreegle.org/message/99364753?src=twitter‚Ä¶,,,
Handleidingen.nl,@123handleiding,2023-05-16T11:40:04.000Z,"@HPNederland
 HP DeskJet 2600 All-in-One series De letters zijn onduidelijk en worden niet helemaal in juiste formaat geprint in de 2600 all in one serie printer waar zit het probleem?/ https://ift.tt/GjeYcvq",,,
beersie,@_EthanBeer,2023-05-16T11:39:15.000Z,"Replying to 
@DobbyClub06",1,,6
TD SYNNEX Nederland,@TDSYNNEXNL,2023-05-16T11:35:49.000Z,"Bij aankoop van een HP laserjet printer bij TD SYNNEX Netherlands, ontvang je tussen 1 mei en 31 juli op een aantal modellen een aantrekkelijke cashback.
Bekijk de actiemodellen en voorwaarden en doe je claim bij HP via de actiepagina: http://ms.spr.ly/6046gkz4j",,,
Jonathan Fox,@JonathanAFox154,2023-05-16T11:01:47.000Z,"@HP
  is this true? Is this why my HP OfficeJet 5255 just stopped printing one day recently? Functioned like it should be no ink on the paper‚Ä¶led to a HP new printer. Now I‚Äôm curious‚Ä¶",,,
Ahsan jutt,@juttahsan4510,2023-05-16T10:56:32.000Z,"HP 130A Magenta LaserJet Toner Cartridge
Free shipping all over in Qatar
Call/WhatsApp: +974 5537 9001
+974-3366-8482
http://smtqatar.com
#HP #qatar #inkjet #inkcartridges #tonercartridges #printers #shoponline",,,
somekita@ÁâπÁô∫ÊÄßË°ÄÂ∞èÊùøÊ∏õÂ∞ëÁóáÔº†EBI„Å°„ÇÉ„ÇìÂè∑,somekita@ÁâπÁô∫ÊÄßË°ÄÂ∞èÊùøÊ∏õÂ∞ëÁóáÔº†EBI„Å°„ÇÉ„ÇìÂè∑,2023-05-16T10:38:37.000Z,HP disables customers‚Äô printers if they use ink cartridges from cheaper rivals,,,
The Gadgets Shiksha,@GadgetsShiksha,2023-05-16T10:30:03.000Z,20-IPM #HP 580 Multifunction Color Ink-Tank Printer:- Print | Copy | Scan | Wi-Fi | Bluetooth | Mobile Printing | Color Printing | Printing Cost: 15 Paisa to 70 Paisa | Warranty: 1-Year | More at https://gadgets.shiksha/printer-20000.html‚Ä¶,,1,
The360Post,@The360Post,2023-05-16T10:14:21.000Z,"HP now blocks your printer if you buy cheaper ink cartridges
https://bit.ly/41Ixeqx
#The360Post",,,
The Truffel Shuffle,@Truffelshuffle1,2023-05-16T10:08:44.000Z,"Replying to 
@nchan",,,1
Dante_PredovicKhovZ,@predovickhovz,2023-05-16T10:03:41.000Z,"ASW 12PK Compatible HP 655 655XL Ink Cartridge Replacement for HP655 Deskjet 3525 5525 4615 4625 4525 6520 6525 6625 Printer QVQEWSP

https://s.click.aliexpress.com/e/_Dc93o9J?G90V9tL‚Ä¶",,,
yogeshwar sharma,@yogesh50,2023-05-16T10:02:43.000Z,"@HPIndia
 Did a big mistake buying laser printer spending 23000/-. Not working properly no provision to return . Support team most pathetic. Printer purchased from Hp online shop in 26/04. Take it back if can‚Äôt provide service",,,
benwokes014,@benwokes014,2023-05-16T09:48:17.000Z,"https://youtube.com/watch?v=1O24Xd-WjZ0&list=PLojbM_i4jiEyceTEelSUSTpocVzNauWyW&index=6‚Ä¶ How To Copy, Print & Scan with HP Deskjet 2700e Printer Using HP Smart App #Computer #Printer #Drivers #Software",,,1
Samarth Doshi,@samarthdoshi08,2023-05-16T09:37:38.000Z,"@HPIndia
 
Hi we had bought a new laptop last week hp 15s- fq2674. It supports windows 11. I am trying to connect to printer hp Laserjet 1020 plus through network it is not happening. This is completely wrong. Due to glitch in windows 11 I am unable to connect to your own product.",1,,
,@nabillawidya_,2023-05-16T09:05:51.000Z,"selama 19th hidup di sini entah kenapa kalo dipikir lagi misal lagi butuh sesuatu ngerasa keberadaannya sudah terpusat dan ini yang bikin aku suka, misal :
 cari tanaman hias/bunga bucket di kayoon atau dukuh kupang
 cari laptop/printer di hitech
 cari hp di wtc/marina",2,,
benwokes014,@benwokes014,2023-05-16T09:03:50.000Z,https://youtube.com/watch?v=0yFEceZ0UsY&list=PLojbM_i4jiExRYFuq_xmxm7yfMzcIiwe6&index=9&pp=gAQBiAQB‚Ä¶ How to Scan with an HP Printer ? - http://123.hp.com Print Scanning Software #Computer #Printer #Drivers #Software,,,1
benwokes014,@benwokes014,2023-05-16T08:59:40.000Z,"https://youtu.be/qmkRd8xoFJQ http://123.hp.com Clear HP Printer Error Code E0,2,3,4,5....49....0x6100004a? #Computer #Printer #Drivers #Software",,,1
benwokes014,@benwokes014,2023-05-16T08:56:44.000Z,https://youtube.com/watch?v=FlxnPceQ2cc&list=PLV94_wwFINNy-wKzhGAj5ee7kpXout-50&index=42&pp=gAQBiAQB‚Ä¶ How to Download & Install HP Printer Drivers on Windows 10 & 11? | #Driver #Computer #Printer #Drivers #Software,,,1
Daniela_MonahanMXRkT,@monahanmxrkt,2023-05-16T08:36:35.000Z,"1KG Toner Powder Compatible for HP 117A W2070A W2071A W2073A W2072A For HP Color Laser 150 150w 150nw MFP 178 178nw 179 Printer 3G4BK8K

https://s.click.aliexpress.com/e/_DkqqRcp?VTZrzHixwP‚Ä¶",,,
Yo$a,@Don_yosa,2023-05-16T08:34:48.000Z,"Replying to 
@Trappwurld",1,,2
–ë–∏—Ä–æ—Å–µ—Ä–≤–∏—Å –ø–ª—É—Å,@biroservisRS,2023-05-16T08:16:23.000Z," Premijum toner CF280A / CE505A
 http://biroservis.rs

#hp #laser #toner #kertrid≈æ #≈°tampaƒç #≈°tampa #printer #print #mfp #80A #280A #CF280A #505A #CE505A #srbija",,,
"Stock Intel ‚Ä¢ 24/7 Deals, Discounts, & Alerts",@Stocklntel,2023-05-16T08:03:42.000Z,"HP OfficeJet 8015e Wireless Color All-in-One Printer with 6 Months Free Ink for $99!!

https://amazon.com/gp/product/B08XW7LT9P?tag=ps5restock20a-20‚Ä¶",,,
"KING OF SAVINGS! Deals, Steals, and Freebies!",@KingOfDeals_,2023-05-16T08:03:40.000Z,"HP OfficeJet 8015e Wireless Color All-in-One Printer with 6 Months Free Ink for $99!!

https://amazon.com/gp/product/B08XW7LT9P?tag=ps5restock20a-20‚Ä¶",,,
Brand Digital (Pvt) Ltd,@BrandDigitalPv1,2023-05-16T07:15:01.000Z,Big brands for less!!!! Get this HP LaserJet Pro M428fdw printer fr only $560. Hurry while stocks last.,,,
Hardware Info,@HardwareInfo,2023-05-16T07:13:08.000Z,HP schakelt printers uit bij gebruik inktpatronen van derden http://dlvr.it/Sp5rtS,,,
CuerpaAsasino,@PreetamBhowmic3,2023-05-16T07:08:42.000Z,"Replying to 
@IamAbdul___",,,
"Stock Intel ‚Ä¢ 24/7 Deals, Discounts, & Alerts",@Stocklntel,2023-05-16T06:57:27.000Z,"HP OfficeJet 8015e Wireless Color All-in-One Printer with 6 Months Free Ink for $99!!

https://amazon.com/gp/product/B08XW7LT9P?tag=ps5restock20a-20‚Ä¶",,,
"Duke Of Deals ‚Ä¢ Deals, Discounts, & Freebies",@TheDukeOfDeals,2023-05-16T06:57:27.000Z,"HP OfficeJet 8015e Wireless Color All-in-One Printer with 6 Months Free Ink for $99!!

https://amazon.com/gp/product/B08XW7LT9P?tag=ps5restock20a-20‚Ä¶",,,
"KING OF SAVINGS! Deals, Steals, and Freebies!",@KingOfDeals_,2023-05-16T06:57:26.000Z,"HP OfficeJet 8015e Wireless Color All-in-One Printer with 6 Months Free Ink for $99!!

https://amazon.com/gp/product/B08XW7LT9P?tag=ps5restock20a-20‚Ä¶",,,
FURIOUS FREEBIES DEALS AND STEALS,@MrOnlineDealz,2023-05-16T06:57:20.000Z,"HP OfficeJet 8015e Wireless Color All-in-One Printer with 6 Months Free Ink for $99!!

https://amazon.com/gp/product/B08XW7LT9P?tag=ps5restock20a-20‚Ä¶",,,
Deals & Price Mistakes,@pluggrr,2023-05-16T06:57:08.000Z,"HP OfficeJet 8015e Wireless Color All-in-One Printer with 6 Months Free Ink for $99!!

http://amazon.com/gp/product/B08XW7LT9P?tag=pluggrr-20‚Ä¶",,,
–ú–∏—à–∞ –ë–ª–∞–≥–æ—ò–µ–≤–∏—õ,@6472Blagojevic,2023-05-16T06:18:09.000Z,HP disables customers‚Äô printers if they use ink cartridges from cheaper rivals #hp #printers,,,
IndyT#ToriesOut #BriansForIndy,@IndyTom3,2023-05-16T06:12:10.000Z,"Replying to 
@Figensport",,,
Enoch.Schneider70MyCc,@schneider70mycc,2023-05-16T05:35:50.000Z,"einkshop For HP 962XL 962X 962 XL  Compatible Ink Cartridge For HP OfficeJet Pro 9010 9012 9015 9016 9020 9025 9026 Printer 6JQDNAM

https://s.click.aliexpress.com/e/_DBdOdBP?HFLtBK4A‚Ä¶",,,
kallenn ‚òÖ,@kallyballs,2023-05-16T05:18:43.000Z,"Replying to 
@ochomitsu",1,,1
CoverDrive,@CoverDrive12,2023-05-16T05:14:59.000Z,"Replying to 
@AlexRoy144",,,1
She Cares,@NotJustWitness,2023-05-16T05:04:17.000Z,"Replying to 
@amyalkon
 @osxdaily
 and 
@HP",,,1
anotherwing eth,@compacisco,2023-05-16T04:49:27.000Z,"Replying to 
@theoryie",,,
pxmktdigital,@pxmktdigital,2023-05-16T04:41:41.000Z,"206X Toner Cartridges 4 Pack High Yield (with CHIP) Compatible Toner Cartridge Replacement for HP 206X 206A W2110X Compatible with Color Laserjet Pro MFP M283fdw M283cdw M255dw M282nw Toner Printer https://amzn.to/3BuaJec via 
@amazon",,,
Phoebe_ReillyaVWUZ,@reillyavwuz,2023-05-16T04:06:24.000Z,"einkshop For HP 303XL Compatible Ink Cartridgfor HP 303 for HP ENVY 6220 6222 6230 6234 6252 6255 7120 7130 7132 7155 Printer CHYU9PU

https://s.click.aliexpress.com/e/_Dn2TqJ7?qAPnKmO‚Ä¶",,,
ChoiceCheapies,@cheapiesnz,2023-05-16T03:27:25.000Z,awa187trex: HP 9010E Inkjet Printer $109 + $50 Cashback and 6 Free Months of Instant Ink + Shipping/ $0 CC,,1,
PIRATE SHIP TREASURES,@akuno7575,2023-05-16T03:07:40.000Z,"Check out 2x HP Photoshop Printer Black Ink 564XL Cartridges https://ebay.com/itm/175728884623?mkcid=16&mkevt=1&mkrid=711-127632-2357-0&ssspo=wIw9pSRXQx2&sssrc=2047675&ssuid=wIw9pSRXQx2&widget_ver=artemis&media=TW‚Ä¶ #eBay via 
@eBay",,,
SHINKURA4963,@SHINKURA4963,2023-05-16T02:30:04.000Z,"waltuh, stop using canon printer‚Äôs waltuh we need to buy HP printers right now waltuh",,,2
Easter12VMl,@Easter12V,2023-05-16T01:11:19.000Z,"QSYRAINBOW Universal 4 pack 30ml Bottle Dye Ink Refill Ink kit Replacement For HP For Canon For Brother For Epson Printer Y33ZKZW

https://s.click.aliexpress.com/e/_DCtaCtn?vXjOjw‚Ä¶",,,
Stefan74LsvP,@PStefan74,2023-05-16T00:54:55.000Z,"Tatrix 976 976Y Remanufactured Ink Cartridge for HP Pagewide pro 552dw/dn/577dw/z,PageWide Managed P55250dw/P57750dw Printer 5IPKYTA

https://s.click.aliexpress.com/e/_DCLT8LF?lwZSru6eB‚Ä¶",,,
moneyprintergobrrr.eth,@printer_brrr,2023-05-16T00:47:04.000Z,"Replying to 
@notbunjil",3,,3
HP Support,@HPSupport,2023-05-16T00:39:08.000Z,"Replying to 
@GAFGRM",,1,1
Ohio Grinch,@GAFGRM,2023-05-16T00:36:05.000Z,"My HP all in one won't work since moving.  I get an error the printer cartridges can't move, but, they can.  So, Iassumeit was banged around, and I needa new one.  Any all-in-one suggestions?  Duplex scanning is important.",1,1,1
"Ralph Mendoza, EA",@CryptoTaxesGuy,2023-05-16T00:26:41.000Z,"Replying to 
@alexfeinberg1",1,,
Zora_BoyerNsc,@boyernsc,2023-05-16T00:05:18.000Z,"For HP 728 728XL New Upgrade Cartridge Chip F9J68A F9J67A F9J66A F9J65A F9K17A For HP DesignJet T730 T830 Printer once time chip JLWXVAJ

https://s.click.aliexpress.com/e/_DdXcJ0h?jT98rvy‚Ä¶",,,
Jordy76DBjX,@DJordy76,2023-05-15T23:23:25.000Z,"HP Deskjet Ink Advantage 2776 WiFi All In One Printer BSBBHQJ

https://invl.io/clg3x9w?RHbJk1",,,
Spencer_KemmervNZNL,@kemmervnznl,2023-05-15T23:20:08.000Z,"HP 685 Ink Cartridge - Black - Tinta Printer (CZ121AA) OMXVZLK

https://invl.io/clg3x8g?nEQwvggNXc‚Ä¶",,,
Gunnar.BauchIhK,@bauchihk,2023-05-15T21:39:10.000Z,"einkshop  For HP 789 Print Head For HP789 Printhead CH612A CH613A CH614A DesignJet L25500 Printer VSJJC3Y

https://s.click.aliexpress.com/e/_DdQyjHL?wOdZaCw‚Ä¶",,,
Frank.Bergstrom93vtyj,@bergstrom93vtyj,2023-05-15T21:34:15.000Z,"W1B44A Maintenance Tank Chip For HP PageWide Managed Color MFP 750dw 755dn 774dn 779dn 772dw 785f P77950dns Printers OGAJLOM

https://s.click.aliexpress.com/e/_DkZkbkv?2QrCDBH8g‚Ä¶",,,
"Alex Feinberg, Calorie Ignorer",@alexfeinberg1,2023-05-15T21:31:04.000Z,"I‚Äôm on the phone with HP support trying to figure out why my printer isn‚Äôt working

They‚Äôre trying to charge me $20 for help

Turns out if you just yell at them very loudly you don‚Äôt have to pay the $20",18,4,69
Printing and Graphic Arts,@PrintingandGra1,2023-05-15T21:06:07.000Z,Set of 4 HP DESIGNJET Z3200 & Z3100 44 and 24 Inch Printers PLEASE READ! eBay https://ebay.com/itm/204338297657?mkcid=1&mkrid=711-53200-19255-0&siteid=0&campid=5338752399&customid=&toolid=10001&mkevt=1‚Ä¶,,,
HP inkjet Printer ‚Ñ¢,@Sean3733,2023-05-15T20:51:44.000Z,"Replying to 
@barfandseafood1
 @BIGyikez430
 and 3 others",,,1
Jordane.Dietrich15DMM,@dietrich15dmm,2023-05-15T20:51:31.000Z,"Icehtank Compatible 140 141 ink Cartridge For HP 140xl 140 141 141xl Photosmart C4583 C4283 C4483 hp c5283 D5363 D4263 Printer PA2WVXA

https://s.click.aliexpress.com/e/_DEYyjZb?FOCeopntV3‚Ä¶",,,
E.O. XXI,@EOxfordXXI,2023-05-15T20:45:34.000Z,"A PSA from an unfortunately, exasperatedly new HP unlimited-ink subscriber

If you don‚Äôt yet own an HP printer.. There‚Äôs still time..
 save yourselves, now. Any minute, a neighbor, someone driving by in an RV, might activate a new HP printer.
Do NOT let this happen‚Ä¶ here‚Äôs why..",1,,
ColoradoIndependent,@ColoradoIndepe1,2023-05-15T20:45:00.000Z,"HP will disable your printer if you try to use ink cartridges from cheaper rivals

Don‚Äôt buy ‚Å¶
@HP
‚Å© and if you have one, dump it now. 

#boycottHP",,,
DealsFinders.blog,@deals_finders,2023-05-15T20:32:36.000Z,"Up to 10 Months of Free Printer Ink With HP Instant Ink

To ensure that you never run out of ink, HP Instant Ink delivers cartridges right to your door when you need them. In add

https://dealsfinders.blog/15/up-to-10-months-of-free-printer-ink-with-hp-instant-ink/‚Ä¶

#Freebies #HP",,,
Addingham IT,@AddinghamIT,2023-05-15T19:04:30.000Z,"Hi 
@hp
 @HPSupport
 my customer with 9022e printer reports blue screen with 83C0000B printer is dead.  Looks like we're not alone and your firmware auto update may be bricking printers.  Please advise on how we get a fix",1,,
HP Support,@HPSupport,2023-05-15T18:49:29.000Z,"Replying to 
@whatareopinions",,1,
No Opinion Haver,@whatareopinions,2023-05-15T18:45:54.000Z,Your ink cartridge model requires having color ink when I only want to print in black and white. Your printers require proprietary cartridges and reject reused cartridges. It's a scam. I'm buying a new printer instead of buying another cartridge from HP.,1,,2
Patricia Palmer,@burmese_larry,2023-05-15T18:44:46.000Z,"I am NEVER going to buy a #HPUK printer  again! Recently updated my old HP printer but HP ENVY 6000 is unduly complicated & support is minimal, ultra difficult to access and then give wrong info. It used to be so much better so I'll definitely switch to another brand next time",2,,
No Opinion Haver,@whatareopinions,2023-05-15T18:36:36.000Z,"I am spending extra money and making an uneconomical decision to spite your printer cartridge model 
@HP
 @HPSupport",2,,2
Tevin64Plmw,@Tevin64P,2023-05-15T18:28:46.000Z,"HUHIKAB 123XL Remanufactured Ink Cartridge For HP 123 XL ENVY 4513 4520 4521 4522 Officejet 3830 4560 All-in-One Printer WHIGMUM

https://s.click.aliexpress.com/e/_DEdqTGh?4kjCHK‚Ä¶",,,
Ben Frierson,@FriersonBen,2023-05-15T18:21:24.000Z,"Would you like to save up to 50% on your printer paper costs? You can with 
@HP
's fast two-sided printing. Reply now to schedule an appointment with one of our 
@HP
 experts and see how much you can save.",,,
Virtual Office Solutions - A Microsoft Gold Ptnr,@Vos365,2023-05-15T18:19:20.000Z,"Managing printers for a distributed #hybrid workforce is like herding cats! Watch this video showing how FutureSmart lets you remotely manage 
@HP
 devices with the latest features and security capabilities.",,,
Dave Walsh,@daithiodave,2023-05-15T17:59:25.000Z,"Replying to 
@rtenews",,,3
Fat Kid Deals,@FatKidDeals,2023-05-15T17:52:02.000Z,"HP Wireless Color All-in-One Printer with 6 Months Free Ink just $99.99, reg $159.99!

https://fkd.sale/?l=https://amzn.to/3O6Ij1u‚Ä¶",,2,11
Renji,@Renji2014,2023-05-15T17:48:43.000Z,"Replying to 
@HP",,,2
Cory Doctorow @pluralistic@mamot.fr Red Team Blues,Cory Doctorow @pluralistic@mamot.fr Red Team Blues,2023-05-15T17:16:07.000Z,"Hey look at this

* Behold! My next book, ""The Lost Cause,"" (11/23) https://twitter.com/torbooks/status/1658125096874131458‚Ä¶

* #HP disables customers‚Äô printers if they use rivals ink  https://telegraph.co.uk/money/consumer-affairs/hp-printers-computers-ink-cartridges-rivals/‚Ä¶ (h/t 
@Slashdot
)

* Can a #WritersStrike Save Hollywood from #Monopoly? https://mattstoller.substack.com/p/can-a-writers-strike-save-hollywood‚Ä¶

4/",1,1,2
L4¬∞,@haha_no_inori,2023-05-15T17:14:10.000Z,"Asli males bener pake printer hp yg sekarang, hp smart appnya harus konek ke internet mulu, mau scan aja harus logan login halah",,1,
Joe,@rockytech,2023-05-15T17:11:20.000Z,"Replying to 
@questauthority
 and 
@HP",2,,1
Tech Support,@meat_popsiclez,2023-05-15T17:11:07.000Z,"Replying to 
@7thElementMusic
 and 
@BefishProd",,,2
Hamilton Lincoln Law Institute,@HamLincLaw,2023-05-15T17:02:28.000Z,"Ten years ago today, 
@ccaf
 prevailed in In re HP Inkjet Printer Litig. (9th Cir.), an important decision holding that the Class Action Fairness Act means what it says about coupon settlements. 

https://scholar.google.com/scholar_case?case=14871322373370072952‚Ä¶",,,
LockesChopShop,@LockesChopShop,2023-05-15T16:58:07.000Z,"@HP
 your HP Smart app is garbage. 

Trying to install a printer is making me want to return the whole piece of crap.",2,,
Psyche's Cinema - short films,@Psyche_Cinema,2023-05-15T16:56:00.000Z,"Loss of trust is a terrible thing for a company.   I don't even trust changing my router now to try to connect.  Time for a new 
@HP
 printer.",,,
Kirk Kelly,@KirkKelly,2023-05-15T16:30:15.000Z,"Does 
@HP
 really have to give me a hard time setting up a printer because it was on my dad's account? How many times do I have to say he passed away to the agent and he can't come to the phone. Unbelievable.",,,
DEX Imaging,@deximaging,2023-05-15T16:26:05.000Z,"Looking for a new office #MFP? DEX has the best multifunction printers from HP, Kyocera, Canon, Konica and more, with guaranteed supplies and service. http://bit.ly/2k5LuYH #DoBusinessBetter",,,
InnocentAbroad,@JJGass,2023-05-15T16:17:03.000Z,"Replying to 
@questauthority
 and 
@HP",,,2
Bjorn Warloe,@bjornwarloe,2023-05-15T15:55:54.000Z,"Replying to 
@andersem
 and 
@Zefwagner",,,
The Happy Inconsistencies,@TheHappyIncons1,2023-05-15T15:49:32.000Z,Fair warning HP is up to its usual shenanigans. Avoid HP printers.,,,
TonerNews,@tonernews,2023-05-15T15:42:27.000Z,"Beware! HP Firmware Updates are Bricking OfficeJet 9020e Printers with Blue Screen 83C0000B Errors.
https://tonernews.com/forums/topic/beware-hp-firmware-updates-are-bricking-officejet-9020e-printers-with-blue-screen-83c0000b-errors/‚Ä¶
#toner #tonercartridges #tonercartridge #InkCartridges #Printing #Ink #Hp #Canon #Ricoh #Konica #Xerox #Lexmark #Closedloop #supplychain‚Ä¶",,,
TonerNews,@tonernews,2023-05-15T15:40:44.000Z,"Epson Warns Users of Upcoming Printer Firmware Updates for New SC-P9000-P8000-P7000-P6000 Ink Cartridges.
https://tonernews.com/forums/topic/epson-warns-users-of-upcoming-printer-firmware-updates-for-new-sc-p9000-p8000-p7000-p6000-ink-cartridges/‚Ä¶
#toner #tonercartridges #tonercartridge #InkCartridges #Printing #Ink #Hp #Canon #Ricoh #Konica #Xerox #Lexmark #Closedloop #supplychain‚Ä¶",,,
TonerNews,@tonernews,2023-05-15T15:38:56.000Z,"FBI: Ransomware Gang Using Printer Vulnerability in PaperCut MPS to Attack Schools Across the U.S.. (Bl00dy)
https://tonernews.com/forums/topic/ransomware-gang-using-printer-vulnerability-in-papercut-mps-to-attack-schools-across-the-u-s-bl00dy/‚Ä¶
#toner #tonercartridges #tonercartridge #InkCartridges #Printing #Ink #Hp #Canon #Ricoh #Konica #Xerox #Lexmark #Closedloop #supplychain‚Ä¶",,1,
cquoica,@cquoica,2023-05-15T14:33:11.000Z,"@HP
 you're m4001 printers have proven to me that we can no longer use HP. Since i couldn't leave any profanity in my review on your website, I'll use this platform to tell you how much of a shitty company you are. Sure you used to have bad software but i could deal with that with",3,,
Soluciones y Servicios Inkrez C.A.,@_inkrez,2023-05-15T14:30:20.000Z,"¬øTienes alguna duda referente a tu impresora?

Consulta cualquier #inquietud sobre impresoras en esta publicaci√≥n, (o escribe al DM) seguro que podemos ofrecer una respuesta 

#HP #Canon #Epson #Samsung #printer #impresora",,,3
thesharpestsphere,@thesharpestsph1,2023-05-15T14:22:11.000Z,"Replying to 
@questauthority
 and 
@HP",2,,1
Brandon Baker,@_RYB_J,2023-05-15T14:14:36.000Z,"Replying to 
@Mayhem4Markets",,,1
Miss Melly,@MelAndTheWhale,2023-05-15T14:08:01.000Z,"Replying to 
@FlorenceOfLabia
 and 
@undefeatedmatt",,,7
Almuri Technologies,@almuritech,2023-05-15T14:06:38.000Z,"The HP LaserJet Pro M283fdw is a multi-function printer that combines printing, scanning, copying, and faxing capabilities in one compact and versatile device. It uses laser printing technology to deliver high-quality prints with sharp text  

0717000808",,,1
Andrew Brauda,@ambrauda,2023-05-15T14:04:15.000Z,"Get ready for the next generation of refillable Smart Tank #printers! Download this video highlighting the 
@HP
 Smart Tank 7600, the eco-friendly all-in-one machine with super low cost per page.",,,
HP Support,@HPSupport,2023-05-15T14:00:18.000Z,"Replying to 
@awormus",1,,
Mollie.Toy85AWJT,@toy85awjt,2023-05-15T13:50:48.000Z,"4Pcs Remanufactued Ink Cartridge for HP920 920XL for HP Officejet 6000 (CB051A) 6500 All-in-one 6500A Plus Printer 1C5QFQN

https://s.click.aliexpress.com/e/_DBujjw5?Cy0GT0V‚Ä¶",,,
Nick Maludy,@NickMaludy,2023-05-15T13:38:41.000Z,"Saw some news about HP disabling printers... I bought a Brother laser printer a few years ago, could not be happier. Device works flawlessly across Linux, Mac, Android and iPhone. Ink is cheap.",,,
aaron.smartx,@awormus,2023-05-15T13:30:18.000Z,"Also I have to print out insurance papers for my daughter who is about to undertake an across the country road trip, but due to my printer being bricked (the subscription was on a card I cancelled) she's being delayed :(",1,,
Hawk Ridge Systems,@Hawk_Ridge_Sys,2023-05-15T13:00:01.000Z,"Next week - The Future of Medical Device Production: Exploring HP's 5420W Printer

Join us on Tuesday, May 23, for an informative webinar on how the new HP 5420W Printer is revolutionizing the medical device industry. 

Register now >> https://bit.ly/42ntlrI",,1,2
Paul Sommerville,@PaulSommerville,2023-05-15T12:53:12.000Z,HP disables customers‚Äô printers if they use ink cartridges from cheaper rivals,,,2
Dan Latta,@danlatta,2023-05-15T12:46:22.000Z,"Replying to 
@Mayhem4Markets",,,
Gabriella Nelms,@GabriellaNelms,2023-05-15T12:30:46.000Z,"HP Updates Firmware, Blocks Its Printers From Using Cheaper Ink Cartridges from Rivals",,,
Soluciones y Servicios Inkrez C.A.,@_inkrez,2023-05-15T12:30:01.000Z,"#FelizLunes #FelizLunesATodos #BuenosDias #BuenosDiasATodos #humor 

En muchos casos, no es culpa de los equipos

#HP #Canon #Epson #Samsung #printer #impresora",,1,3
Jason,@80jillion,2023-05-15T12:27:31.000Z,"Replying to 
@Mayhem4Markets",,,
Giloshop,@giloshop,2023-05-15T12:17:53.000Z,"HP Laserjet 150NW Wireless Color Printer

¬¢ 3,085.00",1,1,2
Ubergizmo,@ubergizmo,2023-05-15T12:16:05.000Z,HP Faces Backlash Over Disabling Printers Using Cheaper Cartridges https://ubergizmo.com/2023/05/hp-faces-backlash-disabling-printers/?taid=64622285590a7900015240f8&utm_campaign=trueAnthem%3A+Trending+Content&utm_medium=trueAnthem&utm_source=twitter‚Ä¶,,,
Kit Dragon Œ∏Œî,@kitsdragonsoul,2023-05-15T12:14:57.000Z,"Replying to 
@lvinaya_dolya_",1,,2
HP India,@HPIndia,2023-05-15T12:14:19.000Z,"Replying to 
@s415h1n63
 @HPIndia_MD
 and 3 others",,1,
Past Me Developer,@DeveloperPast,2023-05-15T11:52:14.000Z,"Replying to 
@questauthority",,,4
Gennaro97oxV,@gennaro97ox,2023-05-15T11:14:12.000Z,"Plavetink 304XL Black/Tri-color Ink Cartridge Remanufactured replacement For HP304 Hp 304 XL Deskjet Envy 3752 3755 3758 Printer IDRJFLM

https://s.click.aliexpress.com/e/_DClvcRL?GNIWgyHJUm‚Ä¶",,,
Rob,@RobYEG,2023-05-15T11:04:15.000Z,HP disables customers‚Äô printers if they use ink cartridges from cheaper rivals,,,
Sites Pro,@sitespromoter,2023-05-15T11:03:29.000Z,"They say: "" HP Disables Some Printers Using Non-HP Cartridges. """,,,
Korbin_BergstromdRD,@KBergstromdrd,2023-05-15T10:54:07.000Z,256MB Printer Memory for HP Laserjet Pro 300 Color M375nw Printer UUEFBLA,,,
Paul40kupS,@paul40kup,2023-05-15T10:54:00.000Z,"The Perfect Dust Cover, Navy Blue Nylon Cover for HP OfficeJet Pro 9015 All-in-One Wireless Printer, Anti Static Waterproof C J7FL1ED",,,
Glitch & Deals World,@DealandSale,2023-05-15T10:49:04.000Z,"38% Price Drop ‚Äì $99.99 HP OfficeJet 8015e Wireless Color All-in-One Printer with 6 Months Free Ink with HP+, White!!

https://dealsworld.site/38-price-drop-99-99-hp-officejet-8015e-wireless-color-all-in-one-printer-with-6-months-free-ink-with-hp-white/‚Ä¶",,,
DigitalPrintMarket,@DigiPrintMarket,2023-05-15T10:41:07.000Z,For Sale: HP Large Format Latex 800W Printer (Poland) - http://digitalprintmarket.com/ad/17225/HP-Large-Format-Latex-800W-Printer‚Ä¶,,,
Diego_Hammes91OTE,@hammes91ote,2023-05-15T10:28:26.000Z,"CNCOB USB Printer Cable USB Type B Male to A Male USB 2.0 Cable for Canon Epson HP ZJiang Label Printer DAC USB Printer CXUL2EL

https://s.click.aliexpress.com/e/_Dkor6Ev?vPQght‚Ä¶",,,
Business J. Horse,@Biz_Horse,2023-05-15T10:22:05.000Z,"Replying to 
@questauthority
 and 
@HP",,,1
DigitalPrintMarket,@DigiPrintMarket,2023-05-15T10:19:00.000Z,For Sale: HP Scitex FB 550 Large Format UV Printer (Netherlands) - http://digitalprintmarket.com/ad/17223/HP-Scitex-FB-550-Large-Format-UV-Printer‚Ä¶,,,
Carol57jGcAG,@carol57j,2023-05-15T08:33:57.000Z,"IBOQVZG Compatible For HP138 Color C9369H Ink Cartridge replacement for HP DJ 460 6840 5740 PCS 2570 2600 7800 8000 printer GJ9DCNU

https://s.click.aliexpress.com/e/_DEux9Z3?bzodtGll6P‚Ä¶",,,
benwokes014,@benwokes014,2023-05-15T08:29:23.000Z,"https://youtu.be/PMvIgso2c6I HP DeskJet 4100, 4100e USB WiFi SetUp Windows 10 !!  | http://123.hp.com Printer Setup #Computer #Printer #Drivers #Software",,,1
benwokes014,@benwokes014,2023-05-15T08:26:41.000Z,"https://youtube.com/shorts/lXr4ohPMp10‚Ä¶ How to Clear HP Printer Error Code E0,2,3,4,5....49....0x6100004a? #Computer #Printer #Drivers #Software",,,1
benwokes014,@benwokes014,2023-05-15T08:23:30.000Z,"https://youtu.be/1O24Xd-WjZ0 How To Copy, Print & Scan with HP Deskjet 2700e Printer Using HP Smart App #Computer #Printer #Drivers #Software",,,1
RT Media,@Recycling_Times,2023-05-15T08:23:01.000Z,"Anna Tims from The Guardian has responded to frustrated consumers in the UK who are angry that third-party cartridges are being rejected by their HP printers.

Read more at https://rtmworld.com/news/public-media-accuse-hp-of-profiteering/‚Ä¶
#hp #thirdparty #cartridges",,,
Felgraf,@Felgraf_Physics,2023-05-15T08:22:07.000Z,"Replying to 
@questauthority
 and 
@HP",,,1
benwokes014,@benwokes014,2023-05-15T08:21:54.000Z,"https://youtube.com/shorts/QdutzeKmq0M‚Ä¶ HP LaserJet Pro M304-M305, M404-M405 Printer #shorts #hpprinter #Computer #Printer #Drivers #Software",,,1
Robb.Cummerata57EcX,@cummerata57ecx,2023-05-15T08:05:56.000Z,"2-5 Pcs 100ML Universal Refill Ink Kit For HP Epson Canon HP Cartridge Inkjet Kodak Printer Ink For Canon 545 546 245 Printer CSWU52H

https://s.click.aliexpress.com/e/_Dl0gkvJ?SGvMYEDoo‚Ä¶",,,
Shehzad Younis ÿ¥€Åÿ≤ÿßÿØ €åŸàŸÜÿ≥,@shehzadyounis,2023-05-15T08:03:13.000Z,HP will disable your printer if you try to use ink cartridges from cheaper rivals https://l.smartnews.com/p-ngpKQ/S61Zh8,,,
benwokes014,@benwokes014,2023-05-15T08:02:35.000Z,"https://youtube.com/watch?v=CWNJQx9n9nE&list=PLojbM_i4jiEz4KD4mFrc-DSD6q_ppivmL&index=16&pp=gAQBiAQB‚Ä¶ http://123.hp.com - How to Connect an HP Printer to Wi-Fi Network Windows 10, 11? #Computer #Printer #Drivers #Software",,,1
Warehouse Offers,@warehouseoffers,2023-05-15T08:02:03.000Z,"#HP DeskJet 2721e Multifunction Printer, Wi-Fi Airprint Copier Colour Scanne
Versatile work gloves unique nitrile gloves for all...
#Printers #SaverDeal
 https://warehousediscounts.net/l/rqi",,,
Delta31iDFO,@delta31i,2023-05-15T07:45:39.000Z,"Remanufactured Ink Cartridge for HP 653 653XL HP653 XL Replacement  DeskJet Ink Advantage 6075 6475 Printer IJ0VH6U

https://s.click.aliexpress.com/e/_DCWm4i1?0cSRCmSjyP‚Ä¶",,,
Felix,@FelixCompiles,2023-05-15T07:34:24.000Z,"Replying to 
@Mayhem4Markets",,,1
Bridget Jankowski,@BLJankowski,2023-05-15T07:22:48.000Z,"Replying to 
@iaincaradoc
 @questauthority
 and 
@HP",,,1
‡§∏‡§∞‡•ç‡§µ ‡§ú‡§® ‡§π‡§ø‡§§‡§æ‡§Ø,@KC132639,2023-05-15T07:16:00.000Z,"Replying to 
@HP",2,,
Bridget Jankowski,@BLJankowski,2023-05-15T07:13:41.000Z,"Replying to 
@questauthority
 and 
@HP",,,3
Ram√≥n Goeden,@websenat,2023-05-15T07:05:01.000Z,Davon hat doch letztens schon mal einer hier berichtet‚Ä¶ HP disables customers‚Äô printers if they use ink cartridges from cheaper rivals,1,1,1
,@Jan_eok,2023-05-15T07:03:45.000Z,HP printers using competitor's cartridge atm.,,,
Jerome Casey,@JeromeCasey1,2023-05-15T06:40:59.000Z,HP Faces Backlash Over Disabling Printers Using Cheaper Cartridges -,,2,2
Otis.Abbott74KWno,@abbott74kwno,2023-05-15T06:38:14.000Z,"For HP 301 302 304 305 Xl Printer Ink Deskjet 2540 2050 2510 2620 2630 2632 5030 5020 3720 3730 Cartridge Clamp Absorption SABQPIN

https://s.click.aliexpress.com/e/_DmMthWz?Gasj0FH‚Ä¶",,,
MRIDUMOLOY,@MridumoloySarm2,2023-05-15T06:19:19.000Z,"@HPSupport
 @HP
 @HP
 What kind of pathetic service you guys have in India? I registered a case regarding my printer on 1st May, 2023 and even after 15 days I haven't received any proper update or it. This is soo annoying.

(1/3)",3,,
Toney88GXJNn,@NnGxj,2023-05-15T06:11:17.000Z,"HINICOLE 60 60XL Large Capacity Ink Cartridge Compatible For HP Deskjet F4210 F4213 F4235 F4240 F4272 F4275 F4280 F4283 Printer LBXDTXX

https://s.click.aliexpress.com/e/_DdJpSpR?ETqOpSdI‚Ä¶",,,
Vince,@VinceZalamea,2023-05-15T04:39:14.000Z,"Never buying a HP printer again.  
Brand new printer with starter ink and this is what I get.  ""Not intended for Use in Current Device""?? It's a genuine cartridge!!!
@HPSupport",2,,
Concepcion83lRmrz,@concepcion83l,2023-05-15T04:33:24.000Z,"5PK 655XL ink cartridges Replacement For HP655 Cartridge For HP 655 Deskjet 4615 4625 3525 5525 6520 6525 6625 Printer AR3SITD

https://s.click.aliexpress.com/e/_Dm79hzT?a8GkEotX‚Ä¶",,,
Judge_Pfannerstill24QjSo,@JudgePfannerst1,2023-05-15T04:30:41.000Z,"IBOQVZG 500ML Printer Ink Refill Ink Kit For Epson For Canon For HP For Brother Printer CISS Ink and Refillable Printers Dye Ink Z2SMEVC

https://s.click.aliexpress.com/e/_DCPdLuv?TiQVcoN‚Ä¶",,,
Deals & Price Mistakes,@cheapprr,2023-05-15T04:30:07.000Z,"HP OfficeJet 8015e Wireless Color All-in-One Printer with 6 Months Free Ink for $99!!!

http://amazon.com/gp/product/B08XW7LT9P?tag=cheapprr-20‚Ä¶",,,
Fat Kid Deals,@FatKidDeals,2023-05-15T04:12:02.000Z,"HP OfficeJet 8015e Wireless Color All-in-One Printer with 6 Months Free Ink for $99!

https://fkd.sale/?l=https://amzn.to/3nYUPFA‚Ä¶",,3,17
Rhea_EichmannadsO,@eichmannadso,2023-05-15T04:00:05.000Z,"RM2-1653 RM2-8211 Low Voltage Power Supply for HP M102 M104 M106 102 104 106 M102a M104a Power Board RM2-8212 Printer Parts M0SEUL2

https://s.click.aliexpress.com/e/_DBbm5QV?mhvP7gitV‚Ä¶",,,
anotherHuman TeslaQ,@An0th3r_Human,2023-05-15T03:53:56.000Z,"Replying to 
@Mayhem4Markets",1,1,6
Skippy the Bush Kangaroo,@Skippy_Bush_Roo,2023-05-15T02:50:52.000Z,"Replying to 
@questauthority",,,2
CMH,@d0m1nat0r81,2023-05-15T02:49:31.000Z,"Replying to 
@questauthority",,,1
JuneSummersSunnydale,@JuneSunnydale,2023-05-15T02:46:53.000Z,"Replying to 
@questauthority
 and 
@HP",,,6
Stellar Continuum Gaming,@StellarCGaming,2023-05-15T02:44:35.000Z,"Replying to 
@darkpatterns",,,
Kristina Falcone,@kfalcone2015,2023-05-15T02:44:35.000Z,"Replying to 
@questauthority
 and 
@HP",,,7
Elon Muskrat Love,@ReddTrain,2023-05-15T02:43:00.000Z,"Replying to 
@questauthority
 and 
@HP",,1,31
prag_com,@prag_com,2023-05-15T02:37:41.000Z,"Replying to 
@questauthority
 and 
@HP",1,,6
Mike Dunford,@questauthority,2023-05-15T02:36:55.000Z,"YOU KNOW WHAT I DIDN'T WANT, 
@hp
? I didn't want the printer to print me a printer report to explain itself to me. I didn't ask for that. 

You know what I asked? I asked it to print the damn document. Nothing more.",3,,126
Herr Zrbo,@herrzrbo,2023-05-15T02:31:39.000Z,"In order to print from my HP printer right now, at home, it asked me to complete a captcha! What the fuck kind of bullshit is this?? Someone should fucking firebomb HPs headquarters",,,
Javier Henderson,@javierk4jh,2023-05-15T02:31:20.000Z,"Replying to 
@questauthority
 and 
@HP",,,9
Mike Dunford,@questauthority,2023-05-15T02:30:08.000Z,"You know what I want from a printer, 
@HP
? 
(That's a rhetorical question, if you hadn't guessed.)

I want something that damn well prints when I want it to print and does nothing the rest of the time. Not an ink salesman. Not a thing that interacts with my phone. A printer.",41,34,433
Vidal_890632,@Vidal_is__back,2023-05-15T02:22:16.000Z,"Replying to 
@Mayhem4Markets
 @HP
 and 
@HPSupport",,,3
Tr0th,@tr0th,2023-05-15T02:21:33.000Z,"Replying to 
@Mayhem4Markets
 @HP
 and 
@HPSupport",,,
Vepa Gurbangeldiyev,@vepagram,2023-05-15T01:50:41.000Z,"Replying to 
@Mayhem4Markets",,,1
Mr. Draggle,@tufaznail,2023-05-15T01:49:33.000Z,"Replying to 
@Mayhem4Markets",,,
Thomas the Train - (Thomas Trainer),@ttrain4086,2023-05-15T01:23:03.000Z,"Replying to 
@cryptotex13
 @Mayhem4Markets
 and 
@HP",,,
justcallmePatel‚Ñ¢,@patelsneh96,2023-05-15T01:22:49.000Z,The two HP printers I‚Äôve had the misfortune of owning gave out on me little over a year later just after the warranty expired,,,
HP inkjet Printer ‚Ñ¢,@Sean3733,2023-05-15T01:21:46.000Z,"Replying to 
@EverythingOOC",2,12,101
Vinylbmx,@vinylbmx,2023-05-15T01:19:20.000Z,"Replying to 
@Mayhem4Markets
 @HP
 and 
@HPSupport",,,2
CryptoTex,@cryptotex13,2023-05-15T01:13:50.000Z,"Replying to 
@Mayhem4Markets",4,,3
Kari - Greater Fae Vtuber,@KariFaeVT,2023-05-15T01:11:47.000Z,"Replying to 
@KoboldRed",,,1
John Ham,@dontatsu,2023-05-15T01:11:29.000Z,"Replying to 
@Mayhem4Markets",,,
voodoodreams,@voodoodreams,2023-05-15T01:08:41.000Z,"News clip :  cutthroat. HP (HPQ -1.67%) is taking ""customer service"" to a whole new level. ..it started disabling the printers of customers using ink cartridges from rival companies. 
Devices remotely updated ..printers will not work unless they are fitted with approved ink.",,,
@VT_MeterMobb,@VT_MeterMobb,2023-05-15T01:03:55.000Z,"Replying to 
@Mayhem4Markets",,,2
MegaDesk,@MegaDeskTrading,2023-05-15T01:03:23.000Z,"Replying to 
@Mayhem4Markets",2,,6
Shanie.Labadie54Ojxk,@labadie54ojxk,2023-05-15T00:55:38.000Z,"1pcs Fixing Unit Film Assembly For HP P3015 M521 M525 Printer parts HMM77DN

https://s.click.aliexpress.com/e/_DFPbf93?AXz1nBnkdy‚Ä¶",,,
Markets & Mayhem,@Mayhem4Markets,2023-05-15T00:54:16.000Z,Would you ever buy an HP printer again?,110,75,308
LWC DESIGN,@WaterCustom,2023-05-14T23:36:03.000Z,"Check out this listing I just added to my #Poshmark closet: HP Deskjet 2755E Inkjet Multifunction Printer [For Parts/Not working]. https://poshmark.com/listing/64616f116da06eb9ff6200ba?utm_source=tw_sh&utm_content=ext_trk%3Dbranch%26feature%3Dsh_li_cl_web%26rfuid%3Dext1%3A2c67fe0a-849d-45aa-bb2c-274c73a47a32‚Ä¶ #shopmycloset 
@poshmarkapp",,,
Guncelkal.net,@guncelkalnet,2023-05-14T23:26:48.000Z,Multifunction Printer HP 1F3Y3A#BHC,,,
Janice Morris,@jandjm2,2023-05-14T23:14:36.000Z,"Replying to 
@davenewworld_2",,,1
Erin Lawrence,@tvchick1313,2023-05-14T22:41:00.000Z,Nobody needs a printer. Until they do. Having one that can do more than the basics makes owning one worthwhile. We #review HP DeskJet 8025e #technology #smarthome https://techgadgetscanada.com/i-tried-hp-officejet-pro-8025e-wireless-printer-review/‚Ä¶,,,1
Stefan74LsvP,@PStefan74,2023-05-14T22:37:13.000Z,"USB Printer Cable High Speed 2.0 A Male to B Male usb Printer Data Cable Sync Scanner Cord  for HP Canon Brother Epson Dell V1KBKKZ

https://s.click.aliexpress.com/e/_DePQtaz?SWZPjBt‚Ä¶",,,
Oran65MMKPn,@mmk_pn,2023-05-14T22:05:30.000Z,"for HP Officejet Pro 7740 8210 8710 8720 8730 Full Colors Print Head 4 Slot Replacement Printhead Home Office Printer Parts L9KVWU0

https://s.click.aliexpress.com/e/_DlzGWvJ?AIiyxQV‚Ä¶",,,
Epson America,@EpsonAmerica,2023-05-14T21:59:09.000Z,"Replying to 
@TheLindyManCan
 @HP
 and 
@CanonUSA",,,
Jean Gogarty,@gogartyj,2023-05-14T21:45:56.000Z,"Replying to 
@kevinrmaloney",,,
Rhea_EichmannadsO,@eichmannadso,2023-05-14T21:33:46.000Z,"Remanufactured For HP 302XL 302 xl ink cartridge For HP Deskjet 1110 2130 1112 3630 3632 3830 4650 4652 4528 4527 4523 Printer EUQWMGG

https://s.click.aliexpress.com/e/_DCSazlb?XcJ7Ibw‚Ä¶",,,
Zora_BoyerNsc,@boyernsc,2023-05-14T19:58:16.000Z,"4PK Compatible for hp 203A CF540A 540a toner cartridge For HP LaserJe Pro M254nw M254dw MFP M281fdw M281fdn M280nw printer DSQNPRD

https://s.click.aliexpress.com/e/_DBSByzR?dqjFlMsFMI‚Ä¶",,,
Guncelkal.net,@guncelkalnet,2023-05-14T19:42:07.000Z,Multifunction Printer HP SMART TANK 7005 AIO,,,
Guncelkal.net,@guncelkalnet,2023-05-14T19:41:55.000Z,Multifunction Printer HP ENVY INSPIRE 7920E AIO,,,
Jevon99YtVao,@vao_yt,2023-05-14T19:38:35.000Z,"HP Color LaserJet Pro M182nw Wireless All-in-One Laser Printer, Remote Mobile Print, Scan & Copy, Works with Alexa (7KW55A) OEHYTH1",,,
Genevieve44Silog,@Genevieve44S,2023-05-14T19:35:49.000Z,"einkshop for hp 940 940xl Refillable Ink Cartridge With Chip for HP940 Officejet Pro 8500a 8000 8500 8500 a Printer NUPDXZO

https://s.click.aliexpress.com/e/_DegfLxf?B3Hgzbj‚Ä¶",,,
Bernard McGillicuddy,@whosevelt,2023-05-14T19:34:48.000Z,"Replying to 
@DansDeals",,,
"R.Alexander Ayyad-TX (I discuss ideas, not people)",@Alexander001a,2023-05-14T19:33:31.000Z,"Replying to 
@RoryOCleary",,,2
Rachel Cuthbert,@Rachel_Bert,2023-05-14T19:25:18.000Z,"@HPUK
 Hello! I‚Äôve been given a HP printer but it doesn‚Äôt recognise there‚Äôs paper in or the drawer is shut so I think there‚Äôs an issue with the sensor? Are you able to help with a repair at all? Thanks ",2,,
"Patrick Brenner, Unicorn Hunter",@pmbrenner91,2023-05-14T19:15:26.000Z,"Replying to 
@dowdmuska
 and 
@HP",,,
jansaell,@jansaell,2023-05-14T19:01:27.000Z,"HP Updates Firmware, Blocks Its Printers From Using Cheaper Ink Cartridges from Rivals - Slashdot",,,1
Keith Strauss Firehorse OTS,@FirehorseO,2023-05-14T19:01:23.000Z,"Don't let your small business get tangled by #printer problems. Watch this video about 
@HP
+, the smart printing system that lets you manage multiple printers in any location from a single, smart dashboard.",,,
Tech Deals,@techdeals,2023-05-14T18:17:23.000Z,HP OfficeJet 8015e Wireless Color All-in-One Printer with 6 Months Free Ink only $99.99 https://edealinfo.com/d/00195161213618/HP-OfficeJet-8015e-Wireless-Color-All-in-One-Printer-with-6‚Ä¶,,,
KollelBudget.com,@KollelBudget,2023-05-14T18:16:19.000Z,"HP OfficeJet 8015e Wireless Color All-in-One Printer with 6 Months Free Ink with HP+ Only $99.99 + Free Shipping (was $159.99)!
https://kollelbudget.com/256168-2/",,,
Thomas,@TechWork_dk,2023-05-14T18:12:03.000Z,From the archive: Review of HP LaserJet M209dw Printer,,,
Fat Kid Deals,@FatKidDeals,2023-05-14T18:12:01.000Z,"HP OfficeJet 8015e Wireless Color All-in-One Printer w/ 6-Months Free Ink via HP+ for $100 (reg $160)

https://fkd.sale/?l=https://amzn.to/44W2PI1‚Ä¶",,2,9
chemoshi,@chemosh933,2023-05-14T17:53:16.000Z,"Replying to 
@davenewworld_2",,,
Smarter Savings,@Smarter_Savings,2023-05-14T17:52:24.000Z,HP OfficeJet 8015e Wireless Color All-in-One Printer with 6 Months Free Ink with HP+ for ONLY $99.99 Shipped (Was $159.99)!,,,
HP Support,@HPSupport,2023-05-14T17:50:54.000Z,"Replying to 
@Maddog_60",,,
DansDeals,@DansDeals,2023-05-14T17:31:06.000Z,HP OfficeJet 8015e Wireless Color All-In-One Printer With 6 Months Of Free Ink For $99.99 Shipped From Amazon,1,,3
David Garrett,@dmgarr,2023-05-14T17:22:47.000Z,"@HPSupport
 My HP Envy 5055 printer is getting a flashing error code of OXB3D5EA2B. Unplugging/rebooting the printer only temporarily solves the issue.  I can immediately print but the error code soon returns. How can this be resolved? 
@dmgarr
 @HP",1,,
Deals Rocky Toki,@RockyTokiDeals,2023-05-14T17:19:10.000Z,"Lowest Price Ever on Amazon --> $99.99

HP OfficeJet 8015e Wireless Color All-in-One Printer",1,,
Rachel Cuthbert,@Rachel_Bert,2023-05-14T17:19:08.000Z,"@HP
 hello, I‚Äôve been given a HP printer but it doesn‚Äôt recognise the drawer being full or closed, so I think there‚Äôs a sensor issue. Would this be something I could get fixed by yourselves? Thanks",1,,
Geeky Bargain,@GeekyBargain,2023-05-14T17:11:55.000Z,"HP Wireless Color All-in-One Printer with 6 Months Free Ink with HP+

https://amzn.to/3O4tHzG #ad",,,
Mike Marshall,@bearpoop,2023-05-14T16:39:37.000Z,"@HP
   They said that only some of its printers are equipped with dynamic security measures, though it did not specify which ones. According to its website, all HP standard printers will block cartridges using a non-HP chip or circuitry.",1,,
Mike Marshall,@bearpoop,2023-05-14T16:39:09.000Z,"They said that only some of its printers are equipped with dynamic security measures, though it did not specify which ones. According to its website, all HP standard printers will block cartridges using a non-HP chip or circuitry.",,,
Burt May,@burtmay,2023-05-14T16:29:59.000Z,#brotherprinters. I finally had enough of this HP printer that I bought during the pandemic because everyone was out of Brother printers at the time. Big mistake HP screwed me over and the software was crap!  Love my Brother printer!,,,
Cloud DevOps Man,@Cloud_Devops,2023-05-14T16:10:00.000Z,HP disables customers‚Äô printers if they use ink cartridges from cheaper rivals,,,
